year,period,fs_div,assets,cash,receivables,inventory,ppe,liabilities,equity,revenue,gross_profit,operating_income,pretax_income,net_income,cfo,cfi,cff,gross_margin,operating_margin,net_margin,debt_ratio,equity_ratio,asset_turnover,roe,roa,cfo_net_income
2015,annual,CFS,14493751837603.0,63367629919.0,,886114365413.0,9805409972428.0,7254388517991.0,7239363319612.0,13639993101625.0,3796168437905.0,503780001348.0,693755112592.0,455879563363.0,,,,0.2783116098095932,0.03693403637337486,0.0334222722816985,1.0020754861602672,0.49948166635708435,,,,
2016,annual,CFS,15428184324979.0,65796561159.0,,979533122977.0,9709178633329.0,7304015242185.0,8124169082794.0,14777876303720.0,4153988080007.0,546854595914.0,481867170762.0,381637144670.0,,,,0.2810950636365339,0.03700495150147803,0.025824897761116825,0.899047664782607,0.5265797265359713,0.9877620367494828,0.049680911221983544,0.025508853611367913,
2017,annual,CFS,16066507597137.0,223205772016.0,,1011411917272.0,9799864635725.0,7295105646199.0,8771401950938.0,15876686561466.0,4521322629731.0,566919510328.0,751363070131.0,627938626633.0,,,,0.28477746992276176,0.035707671631180236,0.03955098717871383,0.8316920928950101,0.5459432859261235,1.0082134856710363,0.07433174355330409,0.03987583864518154,
2018,annual,CFS,16753863685013.0,283668035952.0,,1122983111945.0,10403866404946.0,7896367362273.0,8857496322740.0,17049079116942.0,4596295454922.0,462827002755.0,584966734046.0,476179032683.0,,,,0.26959200689933877,0.027146744969649406,0.02792989752800265,0.8914897703090796,0.5286838003023376,1.0389327390829655,0.05402255152768007,0.02901728494107434,
2019,annual,CFS,21094758779809.0,680968998661.0,670215140714.0,1279216116912.0,10003686463873.0,10888018088222.0,10206740691587.0,19062879818284.0,4892427383000.0,150652508829.0,282102598156.0,223836243277.0,,,,0.2566468146280537,0.007902924965434809,0.011741995197509946,1.0667477912117969,0.4838519747074072,1.0073222525338559,0.02348231855371756,0.011827973051597437,
2020,annual,CFS,22340423719351.0,1113268736193.0,765362719308.0,1261835862371.0,9667449021874.0,11843844819721.0,10496578899630.0,22033009980862.0,5808803670624.0,237151679441.0,621795811695.0,362572647516.0,,,,0.26364094945128064,0.010763471702095689,0.016455883596064844,1.1283528598197352,0.4698469031515276,1.0145236517096756,0.03502555673920184,0.016694883117989057,
2021,annual,CFS,31242082400946.0,1010167136773.0,1626321833112.0,1558569874543.0,10006743648830.0,18841829087123.0,12400253313823.0,24932680935679.0,6749156116465.0,316790902379.0,2113696722245.0,1589074047501.0,,,,0.27069516246072306,0.012705849932313856,0.06373458400243728,1.5194713051643347,0.3969086680805734,0.9306276522304926,0.13880296039967852,0.05931316627607533,
2022,annual,CFS,33201721508714.0,1269147152210.0,1664518427877.0,2031856626347.0,10344549942563.0,19718359591026.0,13483361917688.0,29332413845888.0,8322734227830.0,135651681895.0,1252483876283.0,1007725545174.0,,,,0.2837384700610561,0.004624634120045885,0.0343553568577265,1.4624215912471124,0.4061043013733251,0.9103253397955029,0.07786590367385648,0.031274551905305634,
2023,annual,CFS,33443865586475.0,1771232861623.0,1807613040963.0,1845752683825.0,10042427368620.0,19609634816186.0,13834230770289.0,29472247894459.0,8744166589413.0,-46935431343.0,-212288879162.0,-187466317757.0,1135132806779.0,-809133812593.0,176045532901.0,0.296691539129493,-0.001592529742253702,-0.006360774326692775,1.4174720041753612,0.4136552556856253,0.8844470933195977,-0.013724951528361248,-0.005625768364505346,-6.055129371295362
2024,annual,CFS,33930639265588.0,1775057447752.0,1587301885159.0,2054361974560.0,9730939497288.0,20746562841227.0,13184076424361.0,29020896860848.0,9041139596537.0,47098144142.0,-605411365766.0,-573430173306.0,1459819142428.0,-892124523119.0,-153074494181.0,0.3115389451914001,0.0016229045011196728,-0.01975921612814154,1.5736075985491365,0.38855962368301483,0.8614800783937601,-0.04244752783176195,-0.017022171059070623,-2.545766181105708
2025,annual,CFS,33503615741472.0,1303365061491.0,1476072239368.0,2088640518925.0,9572472875701.0,19806707040792.0,13696908700680.0,28970388263858.0,9092978211640.0,322541170250.0,376376887597.0,246338918347.0,1318939140965.0,-1069566064189.0,-858027111561.0,0.3138714651948225,0.011133477650086801,0.008503127956152387,1.4460713343156526,0.40881882141829445,0.8592187534606843,0.01832811686038417,0.007306047003001951,5.354164700468096
2016,half-year,CFS,14561157513945.0,67885590917.0,,974192685042.0,9983261251470.0,6944455564844.0,7616701949101.0,7083443977622.0,1981962679556.0,202975524994.0,187579105888.0,132219229574.0,,,,0.2798021253245472,0.028654920633979716,0.018665952606063758,0.9117404896831567,0.5230835489422183,,,,
2017,half-year,CFS,15786057291464.0,250596896975.0,,1060624508057.0,9822119910177.0,7497873331767.0,8288183959697.0,7705621824524.0,2172809418033.0,215537551160.0,215565243781.0,157099397692.0,,,,0.2819771677761024,0.02797146759448118,0.020387634024812074,0.9046461044092351,0.5250319194127512,0.5078305784523311,0.019754860059083904,0.010353463980094743,
2018,half-year,CFS,15878033595003.0,281058644474.0,,1071232774793.0,9783420306881.0,7157252934793.0,8720780660210.0,8095871971592.0,2224774952529.0,206866672632.0,287958433062.0,,,,,0.2748036234189006,0.025552117592506966,,0.8207124125308124,0.5492355591787216,0.5113598240113766,,,
2019,half-year,CFS,20843489714803.0,496738711596.0,,1338612267510.0,10380240523681.0,10544197611997.0,10299292102806.0,9166372456474.0,2322382656561.0,44411653779.0,,,,,,0.25335896698379895,0.004845063190469972,,1.0237788681733064,0.49412513181472995,0.4992370484819316,,,
2020,half-year,CFS,21394796161386.0,1019009841737.0,723704461502.0,1353659005547.0,9892325242935.0,11120412056533.0,10274384104853.0,10398771810973.0,2720933451963.0,1046277781.0,583941863675.0,359044055111.0,,,,0.2616591171941877,0.00010061551498763978,0.034527544371358285,1.082343422539594,0.480228183870082,0.4923860708483486,0.03490324738146098,0.017000881909055122,
2021,half-year,CFS,24010767458851.0,894077445598.0,830301590878.0,1367819717470.0,9550956362005.0,13210291305043.0,10800476153808.0,11760450732563.0,3103527531443.0,130829523353.0,797896927697.0,585161471612.0,,,,0.26389528786084515,0.011124533092150272,0.049756721482772076,1.2231211954840857,0.44981803152762867,0.5180180486657998,0.055531705969107906,0.025774879770513272,
2022,half-year,CFS,32267821086155.0,805243088249.0,1574521711661.0,1859779360597.0,10156205156762.0,19225045378444.0,13042775707711.0,14150823032634.0,4091295295408.0,22127907438.0,1014288954364.0,742719632750.0,,,,0.2891206600473228,0.0015637187594650574,0.05248596714390202,1.4739995388464735,0.404203794017787,0.502884787926676,0.062300196052425795,0.026394394456287648,
2023,half-year,CFS,33079363726053.0,1535577408766.0,1499207611980.0,2008879929587.0,10180640402750.0,19498232328215.0,13581131397838.0,14406478146051.0,4059519433431.0,-39351050213.0,-131913896937.0,-100512642700.0,,,,0.2817843051074746,-0.0027314830046638863,-0.006976905922531233,1.4356854195018651,0.4105620504163938,0.4409211563574386,-0.007550555393806267,-0.0030762654271595333,
2024,half-year,CFS,34031819920236.0,2019240435446.0,1822712529256.0,2053999569711.0,9847641167330.0,20712501443818.0,13319318476418.0,14262699165737.0,4447573395225.0,12467249025.0,-100820654144.0,-82511180449.0,711033130155.0,-632378793760.0,164178155370.0,0.31183251806287254,0.0008741156831625409,-0.005785102769833004,1.5550721668296852,0.39137837787211804,0.425046866731151,-0.00613455766239538,-0.0024589398060352215,-8.617415558543465
2025,half-year,CFS,33965363035351.0,1060372804957.0,1892397685715.0,2000081432593.0,9544596719332.0,20631815990440.0,13333547044911.0,14257898057440.0,4471309350070.0,180948748488.0,92751689092.0,52250738689.0,307796550749.0,-902207667492.0,-255263961692.0,0.3136022807889834,0.012691123737806361,0.003664687352827209,1.5473613976045872,0.39256306582189343,0.4193673160475686,0.003920834601982009,0.0015368500993086158,5.890759795397847
2026,half-year,CFS,36940368021124.0,1187528952233.0,1452220415950.0,2231703744952.0,9123929117266.0,21135136381130.0,15805231639994.0,14038458616770.0,4321692665675.0,135285430495.0,-29484328308.0,-57386933740.0,561399423817.0,-1228820273857.0,539741896085.0,0.30784666491180246,0.009636772397034482,-0.004087837226762699,1.3372240826669735,0.42785799077464326,0.3959752874020479,-0.003938870215568,-0.0016186825207201504,-9.782704654695495
2016,quarterly-q1,CFS,14634376923585.0,46353901256.0,,957909838940.0,9857877070701.0,7250919480425.0,7383457443160.0,3629969890720.0,1001841719312.0,155979788533.0,162765513557.0,120029914488.0,,,,0.2759917435880676,0.04296999513184987,0.03306636641666254,0.9820493361334692,0.5045283090433935,,,,
2017,quarterly-q1,CFS,15606231194322.0,320862263155.0,,1071206384531.0,9717427249920.0,7395462105144.0,8210769089178.0,3898844501449.0,1099533414957.0,160108670246.0,173327567134.0,131536413547.0,,,,0.28201520079817494,0.04106567219762056,0.03373728126323445,0.9007027264828827,0.5261212003680502,0.2578549006850359,0.016869886207466694,0.008699323309514442,
2018,quarterly-q1,CFS,15956474745870.0,256653929117.0,,1037052102458.0,9754813002564.0,7174955291879.0,8781519453991.0,4106476272882.0,1127722190358.0,153535058733.0,166877235560.0,,,,,0.2746204082086523,0.03738851719341515,,0.8170516878623034,0.5503420770470566,0.26021066005325016,,,
2019,quarterly-q1,CFS,20803193350431.0,584886967396.0,,1307308779556.0,10417281849499.0,10856891330755.0,9946302019676.0,4585350624571.0,1149843092686.0,74292336146.0,92968736990.0,,,,,0.2507644860404929,0.016202105842876673,,1.0915505390121527,0.4781141939186915,0.24947725929181652,,,
2020,quarterly-q1,CFS,20921162427302.0,823637417282.0,692898526959.0,1304560600664.0,9815430256861.0,11007437742126.0,9913724685176.0,5210766399398.0,1344024272701.0,48437385629.0,63586675985.0,44529893491.0,,,,0.257932167685789,0.009295635596828132,0.008545747415609447,1.11032312190245,0.47386108298832597,0.2497709696061419,0.00448437397922742,0.0021344796180059527,
2021,quarterly-q1,CFS,23229829578292.0,1063779792521.0,757265900237.0,1322315695411.0,9615029575983.0,12551097865364.0,10678731712928.0,5895763007638.0,1556309696031.0,123245563270.0,150148253786.0,102133463209.0,,,,0.26397087094830485,0.020904090464683632,0.017323196857927537,1.175336004571522,0.4596990983914556,0.26707273109020957,0.009919502679476713,0.004626553496060045,
2022,quarterly-q1,CFS,31913215070990.0,824073420057.0,1444777863676.0,1728199829536.0,10120553326886.0,18732420960860.0,13180794110130.0,7003506564304.0,2000112475506.0,34449809706.0,1096721736583.0,805826515944.0,,,,0.285587292185935,0.004918937305147451,0.1150604355896798,1.4211906205608158,0.41301993800404363,0.25401232771412413,0.06754757172627832,0.029226769071935617,
2023,quarterly-q1,CFS,32995178030990.0,1408043341014.0,1343771847463.0,2052125963543.0,10209399911940.0,19645133587363.0,13350044443627.0,7135389362508.0,1997433707508.0,13653087686.0,5278705008.0,2668871294.0,,,,0.27993338639700066,0.0019134327494079609,0.0003740330286702007,1.4715406881466322,0.40460592244988836,0.21986029915414246,0.00020119011983675612,8.223501357696028e-05,
2024,quarterly-q1,CFS,33940447679089.0,1403840728287.0,1723727729162.0,1972112085535.0,9961355591401.0,19936697771742.0,14003749907347.0,7206713073664.0,2231137557589.0,47103670579.0,32857326408.0,29378301038.0,-152076224314.0,-260162083822.0,41672999453.0,0.3095915620315735,0.006536082413372924,0.004076518759343868,1.4236685104810611,0.41259767813772324,0.21533265722737036,0.002148023828873592,0.0008778076166867381,-5.176481244347443
2025,quarterly-q1,CFS,33654925248490.0,1223177578928.0,1852246199648.0,2011045963453.0,9578145526304.0,20612503648657.0,13042421599833.0,7218926638835.0,2271897962872.0,159318975212.0,119173478430.0,83612723338.0,-31706610378.0,-462270110259.0,-174284084351.0,0.31471409484203344,0.022069621036862497,0.011582431505564313,1.5804199772932452,0.3875338157352816,0.21359233113690446,0.006182961852164782,0.0024739185455070075,-0.37920796156618064
2026,quarterly-q1,CFS,34883193941404.0,1183755831011.0,1700404817343.0,2168491388999.0,9158282706816.0,20747967334153.0,14135226607251.0,7123428675312.0,2201167691540.0,178323054716.0,115523581157.0,79394568399.0,257191279825.0,-1013712498739.0,632079621589.0,0.30900396310118045,0.025033317920908304,0.011145555324244555,1.467819930351158,0.4052159510105363,0.20786764386036305,0.005842637140200039,0.0023168003247660404,3.23940648600137
2016,quarterly-q3,CFS,15044818414440.0,299937202421.0,,971839653962.0,10110781663430.0,7233429863901.0,7811388550539.0,11117399158023.0,3111191787371.0,417552095388.0,386802588878.0,281929876863.0,,,,0.27984888759937815,0.037558433357739854,0.025359337454348936,0.926010761992102,0.5192078983845786,,,,
2017,quarterly-q3,CFS,16081761188554.0,193437158212.0,,1190168652644.0,9829939640013.0,7478365532527.0,8603395656027.0,11989593375225.0,3382094479780.0,398200031451.0,592577209361.0,,,,,0.2820858367698004,0.03321213814255208,,0.8692341758440606,0.5349784488872005,0.7703765417303832,,,
2018,quarterly-q3,CFS,16841818822844.0,317486290498.0,,1132277206569.0,10182910565267.0,7851663131698.0,8990155691146.0,12823065784199.0,3483915219887.0,401418588838.0,541254732634.0,,,,,0.27169128494840866,0.031304416244408655,,0.8733623088897948,0.5337995727012502,0.7789593828957672,,,
2019,quarterly-q3,CFS,21044001236479.0,797367301375.0,645799017003.0,1319637325182.0,10513420934075.0,10821814089161.0,10222187147318.0,14229699690777.0,3662595846274.0,160621548235.0,186701466735.0,155476983096.0,,,,0.2573909447047513,0.011287767958947656,0.010926230804208232,1.0586593586285813,0.4857530197060726,0.7511886858194236,0.01618511437186389,0.008207660958772884,
2020,quarterly-q3,CFS,22376555928239.0,941305789627.0,992216971414.0,1362605247344.0,9778126825848.0,11864319542642.0,10512236385597.0,16306520740279.0,4310774609810.0,152284314782.0,730340831026.0,478980815144.0,,,,0.26435894440448515,0.00933886003075077,0.029373575318299615,1.1286199346599086,0.4697879521455157,0.7510967986163521,0.04620150778570127,0.022062398385491136,
2021,quarterly-q3,CFS,27248196062119.0,957210897785.0,871139670670.0,1481864128181.0,9861964357646.0,15339620077068.0,11908575985051.0,18072365842158.0,4761501788980.0,239453427839.0,2070841764343.0,1522136202414.0,,,,0.2634686476893185,0.013249700118421637,0.08422451247989142,1.2881153965280179,0.43704089466702517,0.7283609536494783,0.13577886271477752,0.06134584623051611,
2022,quarterly-q3,CFS,32424448383809.0,634898464092.0,1460349602422.0,1907395640996.0,10332852940968.0,19235629843565.0,13188818540244.0,21858241301288.0,6290660989327.0,122865322173.0,1195717669037.0,867009516628.0,,,,0.2877935558775409,0.005621006762596227,0.039665108673537765,1.458480134886224,0.40675537125960104,0.732605082420797,0.06909159560401093,0.029058860209007005,
2023,quarterly-q3,CFS,34106011559322.0,1507944674869.0,1849973855330.0,1933155244309.0,10041429090238.0,20488305990245.0,13617705569077.0,22116124807699.0,6292924373012.0,38565029263.0,-90102801722.0,-80394066916.0,,,,0.28454010038961824,0.0017437516562383865,-0.0036350883174620834,1.504534364200803,0.39927581521489725,0.6648420836592277,-0.0059980970742899015,-0.0024167596912668078,
2024,quarterly-q3,CFS,34252645830713.0,2129096206664.0,1708337604985.0,1970718993569.0,9744649154216.0,20883717895663.0,13368927935050.0,21771172119433.0,6776720893082.0,124181165154.0,17077727522.0,22886471799.0,1179248567179.0,-934539163237.0,112553822274.0,0.3112703742318533,0.005703926480061016,0.0010512282790034755,1.562108644546665,0.39030351118343704,0.6369689795167539,0.0016961338875780877,0.0006695998041159972,51.526009667882754
2025,quarterly-q3,CFS,34911311260280.0,1648467747729.0,1819431679471.0,2169664494474.0,9610413025845.0,21010686206539.0,13900625053741.0,21658682214785.0,6774839999185.0,332398439299.0,436949592790.0,362591284354.0,1270939573043.0,-748884374669.0,-717311220000.0,0.31280019402843673,0.015347122045684423,0.016741151689574265,1.5114921901216598,0.39816966341096155,0.6262996834114207,0.02659312270377451,0.010484978003122933,3.505157536556158
