corp_code,corp_name,stock_code,corp_cls,report_nm,rcept_no,flr_nm,rcept_dt,rm
00872984,이마트,139480,Y,분기보고서 (2011.09),20111129000838,이마트,20111129,
00872984,이마트,139480,Y,반기보고서 (2011.06),20110829000637,이마트,20110829,
00872984,이마트,139480,Y,분기보고서 (2012.09),20121129000588,이마트,20121129,
00872984,이마트,139480,Y,반기보고서 (2012.06),20120829000383,이마트,20120829,
00872984,이마트,139480,Y,분기보고서 (2012.03),20120530000560,이마트,20120530,
00872984,이마트,139480,Y,사업보고서 (2011.12),20120330002117,이마트,20120330,연
00872984,이마트,139480,Y,분기보고서 (2013.09),20131114001212,이마트,20131114,
00872984,이마트,139480,Y,반기보고서 (2013.06),20130814001225,이마트,20130814,
00872984,이마트,139480,Y,분기보고서 (2013.03),20130515001205,이마트,20130515,
00872984,이마트,139480,Y,사업보고서 (2012.12),20130401002408,이마트,20130401,연
00872984,이마트,139480,Y,분기보고서 (2014.09),20141114001313,이마트,20141114,
00872984,이마트,139480,Y,반기보고서 (2014.06),20140814001369,이마트,20140814,
00872984,이마트,139480,Y,[기재정정]사업보고서 (2013.12),20140521000363,이마트,20140521,연
00872984,이마트,139480,Y,[기재정정]사업보고서 (2013.12),20140521000292,이마트,20140521,정연
00872984,이마트,139480,Y,분기보고서 (2014.03),20140515001447,이마트,20140515,
00872984,이마트,139480,Y,사업보고서 (2013.12),20140331003389,이마트,20140331,정연
00872984,이마트,139480,Y,분기보고서 (2015.09),20151116001567,이마트,20151116,
00872984,이마트,139480,Y,반기보고서 (2015.06),20150817001666,이마트,20150817,
00872984,이마트,139480,Y,분기보고서 (2015.03),20150515002785,이마트,20150515,
00872984,이마트,139480,Y,[기재정정]사업보고서 (2014.12),20150515002768,이마트,20150515,연
00872984,이마트,139480,Y,사업보고서 (2014.12),20150331004132,이마트,20150331,정연
00872984,이마트,139480,Y,분기보고서 (2016.09),20161114002418,이마트,20161114,
00872984,이마트,139480,Y,반기보고서 (2016.06),20160816002091,이마트,20160816,
00872984,이마트,139480,Y,분기보고서 (2016.03),20160516003630,이마트,20160516,
00872984,이마트,139480,Y,사업보고서 (2015.12),20160330004084,이마트,20160330,연
00872984,이마트,139480,Y,분기보고서 (2017.09),20171114002685,이마트,20171114,
00872984,이마트,139480,Y,반기보고서 (2017.06),20170814002160,이마트,20170814,
00872984,이마트,139480,Y,분기보고서 (2017.03),20170515004866,이마트,20170515,
00872984,이마트,139480,Y,사업보고서 (2016.12),20170331005200,이마트,20170331,연
00872984,이마트,139480,Y,분기보고서 (2018.09),20181114002142,이마트,20181114,
00872984,이마트,139480,Y,반기보고서 (2018.06),20180814002054,이마트,20180814,
00872984,이마트,139480,Y,분기보고서 (2018.03),20180515002223,이마트,20180515,
00872984,이마트,139480,Y,사업보고서 (2017.12),20180330003129,이마트,20180330,연
00872984,이마트,139480,Y,분기보고서 (2019.09),20191114002046,이마트,20191114,
00872984,이마트,139480,Y,반기보고서 (2019.06),20190814002318,이마트,20190814,
00872984,이마트,139480,Y,[기재정정]분기보고서 (2019.03),20190614000350,이마트,20190614,
00872984,이마트,139480,Y,분기보고서 (2019.03),20190515000734,이마트,20190515,정
00872984,이마트,139480,Y,사업보고서 (2018.12),20190401004008,이마트,20190401,연
00872984,이마트,139480,Y,분기보고서 (2020.09),20201116001607,이마트,20201116,
00872984,이마트,139480,Y,반기보고서 (2020.06),20200814002757,이마트,20200814,
00872984,이마트,139480,Y,분기보고서 (2020.03),20200515002567,이마트,20200515,
00872984,이마트,139480,Y,사업보고서 (2019.12),20200330003902,이마트,20200330,연
00872984,이마트,139480,Y,분기보고서 (2021.09),20211115000685,이마트,20211115,
00872984,이마트,139480,Y,반기보고서 (2021.06),20210817001645,이마트,20210817,
00872984,이마트,139480,Y,분기보고서 (2021.03),20210517000417,이마트,20210517,
00872984,이마트,139480,Y,사업보고서 (2020.12),20210316001234,이마트,20210317,연
00872984,이마트,139480,Y,분기보고서 (2022.09),20221114002263,이마트,20221114,
00872984,이마트,139480,Y,반기보고서 (2022.06),20220816001040,이마트,20220816,
00872984,이마트,139480,Y,[기재정정]사업보고서 (2021.12),20220816000177,이마트,20220816,연
00872984,이마트,139480,Y,분기보고서 (2022.03),20220516001114,이마트,20220516,
00872984,이마트,139480,Y,사업보고서 (2021.12),20220321000371,이마트,20220321,정연
00872984,이마트,139480,Y,분기보고서 (2023.09),20231114000536,이마트,20231114,
00872984,이마트,139480,Y,반기보고서 (2023.06),20230814000908,이마트,20230814,
00872984,이마트,139480,Y,분기보고서 (2023.03),20230515001577,이마트,20230515,
00872984,이마트,139480,Y,사업보고서 (2022.12),20230321000409,이마트,20230321,연
00872984,이마트,139480,Y,분기보고서 (2024.09),20241114002052,이마트,20241114,
00872984,이마트,139480,Y,반기보고서 (2024.06),20240814004524,이마트,20240814,
00872984,이마트,139480,Y,분기보고서 (2024.03),20240516001757,이마트,20240516,
00872984,이마트,139480,Y,[첨부정정]사업보고서 (2023.12),20240320001939,이마트,20240320,연
00872984,이마트,139480,Y,[첨부정정]사업보고서 (2023.12),20240320001902,이마트,20240320,정연
00872984,이마트,139480,Y,사업보고서 (2023.12),20240320001504,이마트,20240320,정연
00872984,이마트,139480,Y,분기보고서 (2025.09),20251114001387,이마트,20251114,
00872984,이마트,139480,Y,반기보고서 (2025.06),20250814001869,이마트,20250814,
00872984,이마트,139480,Y,분기보고서 (2025.03),20250515001183,이마트,20250515,
00872984,이마트,139480,Y,사업보고서 (2024.12),20250318000688,이마트,20250318,연
00872984,이마트,139480,Y,반기보고서 (2026.06),20260814002794,이마트,20260814,
00872984,이마트,139480,Y,분기보고서 (2026.03),20260514000817,이마트,20260514,
00872984,이마트,139480,Y,사업보고서 (2025.12),20260318001024,이마트,20260318,연
