rcept_no,rcept_dt,report_nm,dart_url
20111129000838,20111129,분기보고서 (2011.09),https://dart.fss.or.kr/dsaf001/main.do?rcpNo=20111129000838
20110829000637,20110829,반기보고서 (2011.06),https://dart.fss.or.kr/dsaf001/main.do?rcpNo=20110829000637
20121129000588,20121129,분기보고서 (2012.09),https://dart.fss.or.kr/dsaf001/main.do?rcpNo=20121129000588
20120829000383,20120829,반기보고서 (2012.06),https://dart.fss.or.kr/dsaf001/main.do?rcpNo=20120829000383
20120530000560,20120530,분기보고서 (2012.03),https://dart.fss.or.kr/dsaf001/main.do?rcpNo=20120530000560
20120330002117,20120330,사업보고서 (2011.12),https://dart.fss.or.kr/dsaf001/main.do?rcpNo=20120330002117
20131114001212,20131114,분기보고서 (2013.09),https://dart.fss.or.kr/dsaf001/main.do?rcpNo=20131114001212
20130814001225,20130814,반기보고서 (2013.06),https://dart.fss.or.kr/dsaf001/main.do?rcpNo=20130814001225
20130515001205,20130515,분기보고서 (2013.03),https://dart.fss.or.kr/dsaf001/main.do?rcpNo=20130515001205
20130401002408,20130401,사업보고서 (2012.12),https://dart.fss.or.kr/dsaf001/main.do?rcpNo=20130401002408
20141114001313,20141114,분기보고서 (2014.09),https://dart.fss.or.kr/dsaf001/main.do?rcpNo=20141114001313
20140814001369,20140814,반기보고서 (2014.06),https://dart.fss.or.kr/dsaf001/main.do?rcpNo=20140814001369
20140521000363,20140521,[기재정정]사업보고서 (2013.12),https://dart.fss.or.kr/dsaf001/main.do?rcpNo=20140521000363
20140521000292,20140521,[기재정정]사업보고서 (2013.12),https://dart.fss.or.kr/dsaf001/main.do?rcpNo=20140521000292
20140515001447,20140515,분기보고서 (2014.03),https://dart.fss.or.kr/dsaf001/main.do?rcpNo=20140515001447
20140331003389,20140331,사업보고서 (2013.12),https://dart.fss.or.kr/dsaf001/main.do?rcpNo=20140331003389
20151116001567,20151116,분기보고서 (2015.09),https://dart.fss.or.kr/dsaf001/main.do?rcpNo=20151116001567
20150817001666,20150817,반기보고서 (2015.06),https://dart.fss.or.kr/dsaf001/main.do?rcpNo=20150817001666
20150515002785,20150515,분기보고서 (2015.03),https://dart.fss.or.kr/dsaf001/main.do?rcpNo=20150515002785
20150515002768,20150515,[기재정정]사업보고서 (2014.12),https://dart.fss.or.kr/dsaf001/main.do?rcpNo=20150515002768
20150331004132,20150331,사업보고서 (2014.12),https://dart.fss.or.kr/dsaf001/main.do?rcpNo=20150331004132
20161114002418,20161114,분기보고서 (2016.09),https://dart.fss.or.kr/dsaf001/main.do?rcpNo=20161114002418
20160816002091,20160816,반기보고서 (2016.06),https://dart.fss.or.kr/dsaf001/main.do?rcpNo=20160816002091
20160516003630,20160516,분기보고서 (2016.03),https://dart.fss.or.kr/dsaf001/main.do?rcpNo=20160516003630
20160330004084,20160330,사업보고서 (2015.12),https://dart.fss.or.kr/dsaf001/main.do?rcpNo=20160330004084
20171114002685,20171114,분기보고서 (2017.09),https://dart.fss.or.kr/dsaf001/main.do?rcpNo=20171114002685
20170814002160,20170814,반기보고서 (2017.06),https://dart.fss.or.kr/dsaf001/main.do?rcpNo=20170814002160
20170515004866,20170515,분기보고서 (2017.03),https://dart.fss.or.kr/dsaf001/main.do?rcpNo=20170515004866
20170331005200,20170331,사업보고서 (2016.12),https://dart.fss.or.kr/dsaf001/main.do?rcpNo=20170331005200
20181114002142,20181114,분기보고서 (2018.09),https://dart.fss.or.kr/dsaf001/main.do?rcpNo=20181114002142
20180814002054,20180814,반기보고서 (2018.06),https://dart.fss.or.kr/dsaf001/main.do?rcpNo=20180814002054
20180515002223,20180515,분기보고서 (2018.03),https://dart.fss.or.kr/dsaf001/main.do?rcpNo=20180515002223
20180330003129,20180330,사업보고서 (2017.12),https://dart.fss.or.kr/dsaf001/main.do?rcpNo=20180330003129
20191114002046,20191114,분기보고서 (2019.09),https://dart.fss.or.kr/dsaf001/main.do?rcpNo=20191114002046
20190814002318,20190814,반기보고서 (2019.06),https://dart.fss.or.kr/dsaf001/main.do?rcpNo=20190814002318
20190614000350,20190614,[기재정정]분기보고서 (2019.03),https://dart.fss.or.kr/dsaf001/main.do?rcpNo=20190614000350
20190515000734,20190515,분기보고서 (2019.03),https://dart.fss.or.kr/dsaf001/main.do?rcpNo=20190515000734
20190401004008,20190401,사업보고서 (2018.12),https://dart.fss.or.kr/dsaf001/main.do?rcpNo=20190401004008
20201116001607,20201116,분기보고서 (2020.09),https://dart.fss.or.kr/dsaf001/main.do?rcpNo=20201116001607
20200814002757,20200814,반기보고서 (2020.06),https://dart.fss.or.kr/dsaf001/main.do?rcpNo=20200814002757
20200515002567,20200515,분기보고서 (2020.03),https://dart.fss.or.kr/dsaf001/main.do?rcpNo=20200515002567
20200330003902,20200330,사업보고서 (2019.12),https://dart.fss.or.kr/dsaf001/main.do?rcpNo=20200330003902
20211115000685,20211115,분기보고서 (2021.09),https://dart.fss.or.kr/dsaf001/main.do?rcpNo=20211115000685
20210817001645,20210817,반기보고서 (2021.06),https://dart.fss.or.kr/dsaf001/main.do?rcpNo=20210817001645
20210517000417,20210517,분기보고서 (2021.03),https://dart.fss.or.kr/dsaf001/main.do?rcpNo=20210517000417
20210316001234,20210317,사업보고서 (2020.12),https://dart.fss.or.kr/dsaf001/main.do?rcpNo=20210316001234
20221114002263,20221114,분기보고서 (2022.09),https://dart.fss.or.kr/dsaf001/main.do?rcpNo=20221114002263
20220816001040,20220816,반기보고서 (2022.06),https://dart.fss.or.kr/dsaf001/main.do?rcpNo=20220816001040
20220816000177,20220816,[기재정정]사업보고서 (2021.12),https://dart.fss.or.kr/dsaf001/main.do?rcpNo=20220816000177
20220516001114,20220516,분기보고서 (2022.03),https://dart.fss.or.kr/dsaf001/main.do?rcpNo=20220516001114
20220321000371,20220321,사업보고서 (2021.12),https://dart.fss.or.kr/dsaf001/main.do?rcpNo=20220321000371
20231114000536,20231114,분기보고서 (2023.09),https://dart.fss.or.kr/dsaf001/main.do?rcpNo=20231114000536
20230814000908,20230814,반기보고서 (2023.06),https://dart.fss.or.kr/dsaf001/main.do?rcpNo=20230814000908
20230515001577,20230515,분기보고서 (2023.03),https://dart.fss.or.kr/dsaf001/main.do?rcpNo=20230515001577
20230321000409,20230321,사업보고서 (2022.12),https://dart.fss.or.kr/dsaf001/main.do?rcpNo=20230321000409
20241114002052,20241114,분기보고서 (2024.09),https://dart.fss.or.kr/dsaf001/main.do?rcpNo=20241114002052
20240814004524,20240814,반기보고서 (2024.06),https://dart.fss.or.kr/dsaf001/main.do?rcpNo=20240814004524
20240516001757,20240516,분기보고서 (2024.03),https://dart.fss.or.kr/dsaf001/main.do?rcpNo=20240516001757
20240320001939,20240320,[첨부정정]사업보고서 (2023.12),https://dart.fss.or.kr/dsaf001/main.do?rcpNo=20240320001939
20240320001902,20240320,[첨부정정]사업보고서 (2023.12),https://dart.fss.or.kr/dsaf001/main.do?rcpNo=20240320001902
20240320001504,20240320,사업보고서 (2023.12),https://dart.fss.or.kr/dsaf001/main.do?rcpNo=20240320001504
20251114001387,20251114,분기보고서 (2025.09),https://dart.fss.or.kr/dsaf001/main.do?rcpNo=20251114001387
20250814001869,20250814,반기보고서 (2025.06),https://dart.fss.or.kr/dsaf001/main.do?rcpNo=20250814001869
20250515001183,20250515,분기보고서 (2025.03),https://dart.fss.or.kr/dsaf001/main.do?rcpNo=20250515001183
20250318000688,20250318,사업보고서 (2024.12),https://dart.fss.or.kr/dsaf001/main.do?rcpNo=20250318000688
20260814002794,20260814,반기보고서 (2026.06),https://dart.fss.or.kr/dsaf001/main.do?rcpNo=20260814002794
20260514000817,20260514,분기보고서 (2026.03),https://dart.fss.or.kr/dsaf001/main.do?rcpNo=20260514000817
20260318001024,20260318,사업보고서 (2025.12),https://dart.fss.or.kr/dsaf001/main.do?rcpNo=20260318001024
